Наименование предмета,Автор,Музей,Идентификатор музея,КОПУК музея,ИНН музея,Items,Дата создания предмета (строка),Место создания,Items,Место находки,Строковое описание размеров,Описание,Количество составляющих,Изображение,Регистрационный номер Госкаталога,Дата регистрации записи.,Инвентарный номер,Номер по ГИК,Внутренний идентификатор,Собственник,Тип предмета,Вес,Единица измерения веса,Ширина,Высота,Длина,Единица измерения размера,Идентификатор эпохи создания предмета,Эпоха создания предмета,Время эпохи,Название эпохи,Интервал времени создания предмета (начало),Интервал времени создания предмета (окончание),"Точность задания времени (день, месяц, год, век, эпоха).",URL предмета на сайте музея,Ключевые слова,Краткое описание истории бытования (провенанс) предмета,Идентификатор статуса предмета,Типология,Идентификатор типологии,Типология (строковое описание).,Причина исключения,Основание для регистрации предмета,Бюджет,Часть музейного фонда,Порядок управления,Предмет в музейной системе,Музейная система
Блюдо ритуальное. Нарх нир. Нивхи. (ритуальная посуда для гостей на медвежьем празднике.),"[""Ялин Валерий Яковлевич""]","Муниципальное бюджетное учреждение ""Охинский краеведческий музей""",2279,122265,null,"[""дерево"",""резьба""]",2007 год,г. Оха,,,"26,5х12х4,5 см.","Блюдо ритуальное малое, прямоугольной формы.  С двух сторон выступы-козырьки прямоугольной формы, на которых нанесён прорезной рельефный орнамент. Тип орнамента-криволинейный (завитки). Дно плоское, сужается к низу. Оборотная сторона без орнамента.",1,"[{""id"":6874047,""code"":""6874047"",""fileName"":null,""description"":null,""mimeType"":null,""imageType"":null,""objectId"":null,""crc"":null,""location"":""public"",""status"":null,""lastError"":null,""deleted"":false,""main"":true,""url"":""http://goskatalog.ru/muzfo-imaginator/rest/images/original/6874047""}]",9881828,2017-12-11T22:59:39.625Z,ЭТН-16,ОКМ КП-1805/9,10000001,,,,,,,,,,,,,2007-01-01T12:00:00.000Z,,YEAR,,,,6,"предметы прикладного искусства, быта и этнографии",13,,,,,,,,
Туес берестяной. Нанайцы.,,"Муниципальное бюджетное учреждение ""Охинский краеведческий музей""",2279,122265,null,"[""береста"",""склеивание, шитьё""]",2009,"Хабаровский край, с. Сикачи-Алян",,,"Д-9 см. Н- 13,8 см.","Цилиндрической формы. Центральная часть орнаментирована, рисунок в виде двух стилизованных птиц, которые расположились по обе стороны распустившегося цветка. Орнамент плоско-рельефный, резной, цвет черный. Горловина и поддон надставлены двухслойными полосками бересты и прошиты корнем тальника, швом через край. Сверху и снизу изделия, желто-коричневые, зубчатые полосы, для отделки ободков.",1,"[{""id"":6874048,""code"":""6874048"",""fileName"":null,""description"":null,""mimeType"":null,""imageType"":null,""objectId"":null,""crc"":null,""location"":""public"",""status"":null,""lastError"":null,""deleted"":false,""main"":true,""url"":""http://goskatalog.ru/muzfo-imaginator/rest/images/original/6874048""}]",9881827,2017-12-11T22:59:39.625Z,ЭТН-32,ОКМ КП-1824/1,10000002,,,,,,,,,,,,,2009-01-01T12:00:00.000Z,,YEAR,,,,6,"предметы прикладного искусства, быта и этнографии",13,,,,,,,,
Бубен шаманский. Ккъас. Нивхи. ((сев.-зап. и амурск.)),"[""Изгин Владимир Алексеевич""]","Муниципальное бюджетное учреждение ""Охинский краеведческий музей""",2279,122265,null,"[""дерево, кожа"",""гнутьё дерева""]",2009,с.  Некрасовка,,,55х48 см.,"Односторонний рамный барабан, обтянут собачьей кожей. Обруч -""обейка""  деревянный. Форма овальная, несколько расширяющаяся в верхней части. Обтяжка приклеена к обечайке. С внутренней стороны в центре медное кольцо,  от которого идут восемь ремешков- растяжек. На лицевой стороне в нижней части бубна изображен черный паук.",1,"[{""id"":6874049,""code"":""6874049"",""fileName"":null,""description"":null,""mimeType"":null,""imageType"":null,""objectId"":null,""crc"":null,""location"":""public"",""status"":null,""lastError"":null,""deleted"":false,""main"":true,""url"":""http://goskatalog.ru/muzfo-imaginator/rest/images/original/6874049""}]",9881826,2017-12-11T22:59:39.625Z,ЭТН-28,ОКМ КП-1820/1,10000003,,,,,,,,,,,,,2009-01-01T12:00:00.000Z,,YEAR,,,,6,"предметы прикладного искусства, быта и этнографии",13,,,,,,,,
Тапки. Вишк. Нивхи.,"[""Мыгун Альбина Сергеевна""]","Муниципальное бюджетное учреждение ""Охинский краеведческий музей""",2279,122265,null,"[""кожа, сукно, мех, мех искуственный, нить хлопчато-бумажная"",""вышивка, шитьё""]",2009,,,,25х9 см,"Тапки домашние, из сукна бордового цвета, подошва из дубленой кожи мехом внутрь, по краю подошвы пришита тканевая полоса бордового цвета.  Верх оторочен искусственным мехом. На передней их части вышит зооморфный орнамент. При вышивке использовались нитки мулине.",1,"[{""id"":6874050,""code"":""6874050"",""fileName"":null,""description"":null,""mimeType"":null,""imageType"":null,""objectId"":null,""crc"":null,""location"":""public"",""status"":null,""lastError"":null,""deleted"":false,""main"":true,""url"":""http://goskatalog.ru/muzfo-imaginator/rest/images/original/6874050""}]",9881825,2017-12-11T22:59:39.625Z,ЭТН-40/2,ОКМ КП-1825/4,10000004,,,,,,,,,,,,,2009-01-01T12:00:00.000Z,,YEAR,,,,6,"предметы прикладного искусства, быта и этнографии",13,,,,,,,,
Блюдо ритуальное. Ох нир. Нивхи. (овальное деревянное блюдо.),"[""Ялин Валерий Яковлевич""]","Муниципальное бюджетное учреждение ""Охинский краеведческий музей""",2279,122265,null,"[""дерево"",""резьба""]",2007 год,г. Оха,,,"26,9х12х4 см.","Имеет округлую, слегка вытянутую форму, два полукруглых выступа-козырька украшены прорезным орнаментом. Тип орнамента криволинейный (завитки) в сочетании с геометрическим и прямолинейным (треугольники, прямые линии). Дно плоское, сужается к низу. Оборотная сторона без орнамента.",1,"[{""id"":6874051,""code"":""6874051"",""fileName"":null,""description"":null,""mimeType"":null,""imageType"":null,""objectId"":null,""crc"":null,""location"":""public"",""status"":null,""lastError"":null,""deleted"":false,""main"":true,""url"":""http://goskatalog.ru/muzfo-imaginator/rest/images/original/6874051""}]",9881824,2017-12-11T22:59:39.625Z,ЭТН-18,ОКМ КП-1805/11,10000005,,,,,,,,,,,,,2007-01-01T12:00:00.000Z,,YEAR,,,,6,"предметы прикладного искусства, быта и этнографии",13,,,,,,,,
