Наименование предмета,Автор,Музей,Идентификатор музея,КОПУК музея,ИНН музея,Items,Дата создания предмета (строка),Место создания,Items,Место находки,Строковое описание размеров,Описание,Количество составляющих,Изображение,Регистрационный номер Госкаталога,Дата регистрации записи.,Инвентарный номер,Номер по ГИК,Внутренний идентификатор,Собственник,Тип предмета,Вес,Единица измерения веса,Ширина,Высота,Длина,Единица измерения размера,Идентификатор эпохи создания предмета,Эпоха создания предмета,Время эпохи,Название эпохи,Интервал времени создания предмета (начало),Интервал времени создания предмета (окончание),"Точность задания времени (день, месяц, год, век, эпоха).",URL предмета на сайте музея,Ключевые слова,Краткое описание истории бытования (провенанс) предмета,Идентификатор статуса предмета,Типология,Идентификатор типологии,Типология (строковое описание).,Причина исключения,Основание для регистрации предмета,Бюджет,Часть музейного фонда,Порядок управления,Предмет в музейной системе,Музейная система
Блюдо ритуальное.  Нир. Нивхи. (чаша деревянная),"[""Ялин Валерий Яковлевич""]","Муниципальное бюджетное учреждение ""Охинский краеведческий музей""",2279,122265,null,"[""дерево"",""резьба""]",2007г.,г. Оха,,,"26,6х12,3х4,5см.","Блюдо  малое овальной формы. С двух сторон выступы - козырьки, овально- выпуклой формы, украшены традиционной ленточной резьбой. Резьба обьёмная рельефная в виде переплетающихся лент, носит декоративный характер.  Дно плоское, сужается к низу.",1,"[{""id"":6874057,""code"":""6874057"",""fileName"":null,""description"":null,""mimeType"":null,""imageType"":null,""objectId"":null,""crc"":null,""location"":""public"",""status"":null,""lastError"":null,""deleted"":false,""main"":true,""url"":""http://goskatalog.ru/muzfo-imaginator/rest/images/original/6874057""}]",9881819,2017-12-11T22:59:39.625Z,ЭТН-12,ОКМ КП-1805/5,10000010,,,,,,,,,,,,,2007-01-01T12:00:00.000Z,,YEAR,,,,6,"предметы прикладного искусства, быта и этнографии",13,,,,,,,,
"Ложка. Кырш, (к' ыш). Нивхи. (большая деревянная ложка)","[""Ялин Валерий Яковлевич""]","Муниципальное бюджетное учреждение ""Охинский краеведческий музей""",2279,122265,null,"[""дерево"",""резьба""]",2007г.,г. Оха,,,"47х7,5 см.","Ложка - мешалка большая. Рабочая часть большая, плоская, по форме листовидная. Ручка украшена ленточным геометрическим орнаментом в виде ромбов, треугольников, точек. Резьба объёмная, рельефная. На конце ручки маленькое сквозное отверстие.",1,"[{""id"":6874058,""code"":""6874058"",""fileName"":null,""description"":null,""mimeType"":null,""imageType"":null,""objectId"":null,""crc"":null,""location"":""public"",""status"":null,""lastError"":null,""deleted"":false,""main"":true,""url"":""http://goskatalog.ru/muzfo-imaginator/rest/images/original/6874058""}]",9881818,2017-12-11T22:59:39.625Z,ЭТН-10,ОКМ КП-1805/3,10000011,,,,,,,,,,,,,2007-01-01T12:00:00.000Z,,YEAR,,,,6,"предметы прикладного искусства, быта и этнографии",13,,,,,,,,
Тапки. Вишк. Нивхи.,,"Муниципальное бюджетное учреждение ""Охинский краеведческий музей""",2279,122265,null,"[""кожа искусственная, замша натуральная, сукно, мех, мех искуственный"",""аппликация, шитьё""]",2009,,,,25х8 см.,"Тапки домашние, цвет тёмно-сиреневый. По верху оторочены искусственным мехом. На передней  части пришита аппликация из белого дерматина, в виде национального зооморфного изображения. По краю орнаментального изображения имеется зубчатая окантовка.  Внутри тапки обшиты сукном серого цвета, имеется стелька из искусственного меха. Подошва из натуральной замши черного цвета.",1,"[{""id"":6874059,""code"":""6874059"",""fileName"":null,""description"":null,""mimeType"":null,""imageType"":null,""objectId"":null,""crc"":null,""location"":""public"",""status"":null,""lastError"":null,""deleted"":false,""main"":true,""url"":""http://goskatalog.ru/muzfo-imaginator/rest/images/original/6874059""}]",9881817,2017-12-11T22:59:39.625Z,ЭТН-33/2,ОКМ КП-1824/3,10000012,,,,,,,,,,,,,2009-01-01T12:00:00.000Z,,YEAR,,,,6,"предметы прикладного искусства, быта и этнографии",13,,,,,,,,
Блюдо ритуальное. Ох нир. Нивхи. ( овальное деревянное блюдо.),"[""Ялин Валерий Яковлевич""]","Муниципальное бюджетное учреждение ""Охинский краеведческий музей""",2279,122265,null,"[""дерево"",""резьба""]",2007г.,г. Оха,,,"48х17,4 см.","Овальное, стенки округлые. Блюдо в виде стилизованного туловища нерпы с головой и хвостовыми ластами. Передний овальный выступ-козырёк в виде стилизованной головы морского животного, со спирально-ленточным орнаментом. Задний выступ более широкий, его края волнообразны, орнамент спирально-ленточный, стилизованный в виде двух ласт и хвоста морского животного. Резьба рельефная, объемная. Дно плоское, на оборотной стороне  имеет небольшой выступ.",1,"[{""id"":6874060,""code"":""6874060"",""fileName"":null,""description"":null,""mimeType"":null,""imageType"":null,""objectId"":null,""crc"":null,""location"":""public"",""status"":null,""lastError"":null,""deleted"":false,""main"":true,""url"":""http://goskatalog.ru/muzfo-imaginator/rest/images/original/6874060""}]",9881816,2017-12-11T22:59:39.625Z,ЭТН-20,ОКМ КП-1805/13,10000013,,,,,,,,,,,,,2007-01-01T12:00:00.000Z,,YEAR,,,,6,"предметы прикладного искусства, быта и этнографии",13,,,,,,,,
Корытце ритуальное. Уиh нир. Нивхи. (круглая деревянная чаша),"[""Ялин Валерий Яковлевич""]","Муниципальное бюджетное учреждение ""Охинский краеведческий музей""",2279,122265,null,"[""дерево"",""резьба""]",2005 г.,г. Оха,,,"22х15,2 см.","Форма круглая, с двух сторон чаша имеет выступы-козырьки, орнаментированные двойным прорезным ленточным орнаментом. Тип орнамента криволинейный, резьба объемная. По внешнему краю блюда-углубленная бороздка. Дно плоское стенки округлые.",1,"[{""id"":6874061,""code"":""6874061"",""fileName"":null,""description"":null,""mimeType"":null,""imageType"":null,""objectId"":null,""crc"":null,""location"":""public"",""status"":null,""lastError"":null,""deleted"":false,""main"":true,""url"":""http://goskatalog.ru/muzfo-imaginator/rest/images/original/6874061""}]",9881815,2017-12-11T22:59:39.625Z,ЭТН-7,ОКМ КП-1759/3,10000014,,,,,,,,,,,,,2005-01-01T12:00:00.000Z,,YEAR,,,,6,"предметы прикладного искусства, быта и этнографии",13,,,,,,,,
