Наименование предмета,Автор,Музей,Идентификатор музея,КОПУК музея,ИНН музея,Items,Дата создания предмета (строка),Место создания,Items,Место находки,Строковое описание размеров,Описание,Количество составляющих,Изображение,Регистрационный номер Госкаталога,Дата регистрации записи.,Инвентарный номер,Номер по ГИК,Внутренний идентификатор,Собственник,Тип предмета,Вес,Единица измерения веса,Ширина,Высота,Длина,Единица измерения размера,Идентификатор эпохи создания предмета,Эпоха создания предмета,Время эпохи,Название эпохи,Интервал времени создания предмета (начало),Интервал времени создания предмета (окончание),"Точность задания времени (день, месяц, год, век, эпоха).",URL предмета на сайте музея,Ключевые слова,Краткое описание истории бытования (провенанс) предмета,Идентификатор статуса предмета,Типология,Идентификатор типологии,Типология (строковое описание).,Причина исключения,Основание для регистрации предмета,Бюджет,Часть музейного фонда,Порядок управления,Предмет в музейной системе,Музейная система
Обрез двуствольного охотничьего ружья,,"Государственное бюджетное учреждение культуры ""Мордовский республиканский объединенный краеведческий музей имени И.Д. Воронина""",293,126567,1326140397,"[""хромирование"",""гравировка"",""дерево"",""литье"",""сталь""]",нач.20 в.,Бельгия,,,"Общая длина - 56 см, длина стволов - 34 см","Два стальных круглых ствола, соединённые между собой соединительной планкой, в казённой части стволы с небольшим утолщением. Ударно-спусковой механизм куркового типа. Курки открытые, снизу два спусковых крючка в прорези спусковой скобы. Стальные части замков и прибора покрыты гравировкой. На казённой части стволов частично сохранился гравированный рисунок - сцены охоты",1,,1968551,2011-10-17T20:00:00.000Z,O 75,5613,1000,,,,,,,,сантиметры,,,,,1901-01-01T12:00:00.000Z,1910-01-01T12:00:00.000Z,YEAR,,,,6,,,оружие,,,федеральный,,,,
"Панно декоративное ""Утро""","[""Художник Е.А.Богатюкова""]","Федеральное государственное  бюджетное учреждение культуры ""Государственный историко-архитектурный и художественный музей-заповедник ""Александровская Слобода""",2681,113389,3301007742,"[""ручная"",""машинная"",""нить хлопчатобумажная"",""лавсан""]",1976 г.,"СССР, Владимирская область, г. Александров",,,"44,0х19,5 см","Из серой ткани, прямоугольное, с вышитым узором растительного характера: в центре подсолнух с петухом внутри, вверху и внизу стилизованные цветы и листья на тонких стеблях",1,,3069154,2013-05-20T20:00:00.000Z,Тк 4465,8526,100000,,,,,19.5,,44,сантиметры,,,,,1976-01-01T12:00:00.000Z,,YEAR,,,,6,"предметы прикладного искусства, быта и этнографии",13,"предметы прикладного искусства, быта и этнографии ",,,федеральный,,,,
"Негатив. Охлопков Н. на репетиции. ""Гамлет""","[""Ровинский Г. М. (Фотограф). Ровинский Г. М. (Фотограф)""]","Федеральное государственное бюджетное учреждение культуры ""Государственный центральный театральный музей имени А.А. Бахрушина""",2614,118965,7705042669,"[""пленка""]",,,,,"3,5х4",,1,,2580003,2013-01-30T20:00:00.000Z,НФ 137721,КП 296809/249,1000000,,,,,4,,3.5,метры,,,,,,,YEAR,,,,6,документы,15,Документы,,,,,,,
Инструмент музыкальный. Погремушка.  Нанайцы.,,"Муниципальное бюджетное учреждение ""Охинский краеведческий музей""",2279,122265,null,"[""дерево, кожа, береста"",""Резьба, склеивание""]",2009,"Хабаровский край, с. Сикачи-Алян",,,"Д - 8,5 см, Н- 6 см, длина рукоятки 11,5 см","На выструганной, круглой рукоятке крепится небольшой барабан, обод которого выполнен из бересты и орнаментирован. Барабан обтянут с двух сторон рыбьей кожей, внутри полый, наполнен крупой для создания ритмичного звука. В берестяном ободе на противоположной стороне от рукоятки имеется отверстие, которое закрыто деревянной резной деталью в виде головы человека.",1,"[{""id"":6874045,""code"":""6874045"",""fileName"":null,""description"":null,""mimeType"":null,""imageType"":null,""objectId"":null,""crc"":null,""location"":""public"",""status"":null,""lastError"":null,""deleted"":false,""main"":true,""url"":""http://goskatalog.ru/muzfo-imaginator/rest/images/original/6874045""},{""id"":6874046,""code"":""6874046"",""fileName"":null,""description"":null,""mimeType"":null,""imageType"":null,""objectId"":null,""crc"":null,""location"":""public"",""status"":null,""lastError"":null,""deleted"":false,""main"":false,""url"":""http://goskatalog.ru/muzfo-imaginator/rest/images/original/6874046""}]",9881829,2017-12-11T22:59:39.625Z,ЭТН-34,ОКМ КП-1824/4,10000000,,,,,,,,,,,,,2009-01-01T12:00:00.000Z,,YEAR,,,,6,"предметы прикладного искусства, быта и этнографии",13,,,,,,,,
