Наименование предмета,Автор,Музей,Идентификатор музея,КОПУК музея,ИНН музея,Items,Дата создания предмета (строка),Место создания,Items,Место находки,Строковое описание размеров,Описание,Количество составляющих,Изображение,Регистрационный номер Госкаталога,Дата регистрации записи.,Инвентарный номер,Номер по ГИК,Внутренний идентификатор,Собственник,Тип предмета,Вес,Единица измерения веса,Ширина,Высота,Длина,Единица измерения размера,Идентификатор эпохи создания предмета,Эпоха создания предмета,Время эпохи,Название эпохи,Интервал времени создания предмета (начало),Интервал времени создания предмета (окончание),"Точность задания времени (день, месяц, год, век, эпоха).",URL предмета на сайте музея,Ключевые слова,Краткое описание истории бытования (провенанс) предмета,Идентификатор статуса предмета,Типология,Идентификатор типологии,Типология (строковое описание).,Причина исключения,Основание для регистрации предмета,Бюджет,Часть музейного фонда,Порядок управления,Предмет в музейной системе,Музейная система
"Бутылка парфюмерная ""Товарищество Брокар Ко в Москве""",,"Муниципальное бюджетное учреждение ""Межпоселенческий краеведческий музей им. В.Е. Розова"" Николаевского муниципального района",1580,112282,2705021028,"[""стекло"",""заводское производство""]",нач.20 в.,,,,"13х5,4х2,7 см","Из прозрачного белого толстостенного стекла. Тулово в форме прямоугольника, овальная в поперечном сечении, с двух сторон выпуклая грань, которая плавно переходит в горло; одна широкая сторона украшена рельефным изображением двуглавого орла и надписью: ""Товарищество Брокар Ко в Москве"". Основание повторяет форму тулова, по периметру плоское, в центральной части овальное углубление. Горло цилиндрической формы имеет два кольцевых утолщения - у основания и в устьевой части.",1,"[{""id"":6874062,""code"":""6874062"",""fileName"":null,""description"":null,""mimeType"":null,""imageType"":null,""objectId"":null,""crc"":null,""location"":""public"",""status"":null,""lastError"":null,""deleted"":false,""main"":true,""url"":""http://goskatalog.ru/muzfo-imaginator/rest/images/original/6874062""}]",9881858,2017-12-11T23:47:59.095Z,,НКМ ОФ 2312/3,10000015,,,,,,,,,,,,,1901-01-01T12:00:00.000Z,1910-01-01T12:00:00.000Z,YEAR,,,,6,"предметы прикладного искусства, быта и этнографии",13,,,,,,,,
"Бутылка парфюмерная ""В. Грюнингъ. Рига""",,"Муниципальное бюджетное учреждение ""Межпоселенческий краеведческий музей им. В.Е. Розова"" Николаевского муниципального района",1580,112282,2705021028,"[""стекло"",""заводское производство""]",нач.20 в.,,,,"18,5х9х5,3 см","Из прозрачного белого толстостенного стекла. Тулово 8-мигранное с выпуклой надписью В. ГРБНИНГЪ РИГА"". Основание повторяет форму тулова, по периметру проское с овальным углублением в центральной части. Плечики покатые, переход к горлу резкий. Горло высокое, узкое с кольцевым утолщением в устьевой части.",1,"[{""id"":6874063,""code"":""6874063"",""fileName"":null,""description"":null,""mimeType"":null,""imageType"":null,""objectId"":null,""crc"":null,""location"":""public"",""status"":null,""lastError"":null,""deleted"":false,""main"":true,""url"":""http://goskatalog.ru/muzfo-imaginator/rest/images/original/6874063""}]",9881859,2017-12-11T23:47:59.770Z,,НКМ ОФ 2312/10,10000016,,,,,,,,,,,,,1901-01-01T12:00:00.000Z,1910-01-01T12:00:00.000Z,YEAR,,,,6,"предметы прикладного искусства, быта и этнографии",13,,,,,,,,
"Бутылочка ""Моск. акц. Общ. К. Эрмансъ и Ко""",,"Муниципальное бюджетное учреждение ""Межпоселенческий краеведческий музей им. В.Е. Розова"" Николаевского муниципального района",1580,112282,2705021028,"[""стекло"",""заводское производство""]",нач.20 в.,,,,"высота 12, 3 см, диаметр 3 см","Из прозрачного синего стекла. Тулово цилиндрической формы с вертикальной в две строки выпуклой надписью ""МОС. АКЦ. ОБЩ. К. ЭРМАНСЪ и Ко"". Основание круглое с углублением в центальной части и надписью ""1/16 К."". Плечики покатые, переход к горлу плавный. Горло невысокое с кольцевым утолщением в устьевой части.",1,"[{""id"":6874064,""code"":""6874064"",""fileName"":null,""description"":null,""mimeType"":null,""imageType"":null,""objectId"":null,""crc"":null,""location"":""public"",""status"":null,""lastError"":null,""deleted"":false,""main"":true,""url"":""http://goskatalog.ru/muzfo-imaginator/rest/images/original/6874064""}]",9881860,2017-12-11T23:48:00.141Z,,НКМ ОФ 2312/31,10000017,,,,,,,,,,,,,1901-01-01T12:00:00.000Z,1910-01-01T12:00:00.000Z,YEAR,,,,6,"предметы прикладного искусства, быта и этнографии",13,,,,,,,,
"Бутылка ""BENEDICTINE""",,"Муниципальное бюджетное учреждение ""Межпоселенческий краеведческий музей им. В.Е. Розова"" Николаевского муниципального района",1580,112282,2705021028,"[""стекло"",""заводское производство""]",нач.20 в.,,,,"высота 25,5 см, диаметр 8,9 см","Из тёмно-зелёного прозрачного стекла. Тулово цилиндрической формы сужающейся книзу, с рельефной надписью ""+ BENEDICTINE +"", с противоположной стороны бутылки выпуклость в форме С. Основание круглого сечения, по периметру плоское, в центральной части сильное углубление во внутрь бутылки, сбоку выпуклые цифры ""22"". Плечики покатые, плавно переходив в горло. Горло высокое, узкое, круглого сечения, с кольцевым утолщением в предустьевой части.",1,"[{""id"":6874065,""code"":""6874065"",""fileName"":null,""description"":null,""mimeType"":null,""imageType"":null,""objectId"":null,""crc"":null,""location"":""public"",""status"":null,""lastError"":null,""deleted"":false,""main"":true,""url"":""http://goskatalog.ru/muzfo-imaginator/rest/images/original/6874065""}]",9881861,2017-12-11T23:52:00.620Z,,НКМ ОФ 2344/7,10000018,,,,,,,,,,,,,1901-01-01T12:00:00.000Z,1910-01-01T12:00:00.000Z,YEAR,,,,6,"предметы прикладного искусства, быта и этнографии",13,,,,,,,,
"Бутылка ""BENEDICTINE""",,"Муниципальное бюджетное учреждение ""Межпоселенческий краеведческий музей им. В.Е. Розова"" Николаевского муниципального района",1580,112282,2705021028,"[""стекло"",""заводское производство""]",нач.20 в.,,,,"высота 18 см, диаметр 6,8 см","Из тёмно-зелёного прозрачного стекла. Тулово цилиндрической формы сужающейся книзу, с рельефной надписью ""+ BENEDICTINE +"", с противоположной стороны бутылки выпуклость в форме С. Основание круглого сечения, по периметру плоское, в центральной части сильное углубление во внутрь бутылки, сбоку выпуклые цифры ""14"". Плечики покатые, плавно переходив в горло. Горло высокое, узкое, круглого сечения, с кольцевым утолщением в предустьевой части.",1,"[{""id"":6874066,""code"":""6874066"",""fileName"":null,""description"":null,""mimeType"":null,""imageType"":null,""objectId"":null,""crc"":null,""location"":""public"",""status"":null,""lastError"":null,""deleted"":false,""main"":true,""url"":""http://goskatalog.ru/muzfo-imaginator/rest/images/original/6874066""}]",9881862,2017-12-11T23:52:00.986Z,,НКМ ОФ 2344/8,10000019,,,,,,,,,,,,,1901-01-01T12:00:00.000Z,1910-01-01T12:00:00.000Z,YEAR,,,,6,"предметы прикладного искусства, быта и этнографии",13,,,,,,,,
